RMSE,MAE,Bias,NRMSE
8.990783,4.079629,0.16978143,1.6664069332027343
