season,RMSE,MAE,Bias,NRMSE
MONSOON,13.18776,7.860556,1.2064506,1.1126007479807138
NON_MONSOON,5.904073,2.2121274,-0.34225765,2.676811772500439
