RMSE,MAE,Bias,NRMSE
8.790087,3.9998777,0.24656014,1.6292087045852317
